parkcode,quarter,restype,nightsinpark,nightsinhalo,VMTinPark,VMTimHalo,parkVMT_Sun,haloVMT_Sun,parkVMT_Mon,haloVMT_Mon,parkVMT_Tue,haloVMT_Tue,parkVMT_Wed,haloVMT_Wed,parkVMT_Thu,haloVMT_Thu,parkVMT_Fri,haloVMT_Fri,parkVMT_Sat,haloVMT_Sat
zion,3,1,0,0,49740679.70933643,0.00000000,7610323.82542448,0.00000000,6615510.25347357,0.00000000,6366806.86048584,0.00000000,6565769.57487602,0.00000000,6615510.25347357,0.00000000,7112917.03944902,0.00000000,8853840.79036312,0.00000000
zion,3,1,1,0,17834126.48296081,0.00000000,2684035.97569272,0.00000000,2363021.70617465,0.00000000,2363021.70617465,0.00000000,2354104.64313249,0.00000000,2407607.02138550,0.00000000,2666201.84960838,0.00000000,2978299.05608428,0.00000000
zion,3,1,2,0,4638284.04318196,0.00000000,748309.84375322,0.00000000,568962.85640741,0.00000000,564324.57225191,0.00000000,593700.37190338,0.00000000,607615.22436987,0.00000000,776139.54868619,0.00000000,779231.73812319,0.00000000
zion,3,1,3,0,2453154.68582832,0.00000000,346508.09162819,0.00000000,341601.78236620,0.00000000,326269.56592247,0.00000000,343441.64833945,0.00000000,366746.61733391,0.00000000,371039.63793815,0.00000000,355094.13283668,0.00000000
zion,3,1,4,0,1513172.03299936,0.00000000,213357.26678684,0.00000000,218199.41752242,0.00000000,210330.92257709,0.00000000,203370.33089469,0.00000000,219107.32078535,0.00000000,230304.79436139,0.00000000,216988.87983853,0.00000000
zion,3,1,5,0,998709.98798398,0.00000000,139320.04669731,0.00000000,141983.27339643,0.00000000,143148.43507729,0.00000000,143314.88674598,0.00000000,143481.33841468,0.00000000,144147.14508946,0.00000000,143314.88674598,0.00000000
zion,3,1,6,0,748618.21109816,0.00000000,106945.45758290,0.00000000,106945.45758290,0.00000000,106945.45758290,0.00000000,106945.45758290,0.00000000,106945.45758290,0.00000000,106945.45758290,0.00000000,106945.45758290,0.00000000
zion,3,1,7,0,590045.45851814,0.00000000,84007.72027880,0.00000000,85777.85661479,0.00000000,84597.76572413,0.00000000,84081.47595947,0.00000000,84007.72027880,0.00000000,83933.96459814,0.00000000,83638.94187547,0.00000000
zion,3,1,8,0,469894.08137187,0.00000000,66463.90889676,0.00000000,67978.01208451,0.00000000,68395.69572251,0.00000000,67194.85526326,0.00000000,66777.17162526,0.00000000,66672.75071576,0.00000000,66411.69844201,0.00000000
zion,3,1,9,0,400536.28837949,0.00000000,56515.67297470,0.00000000,57517.01374321,0.00000000,58037.71094283,0.00000000,58077.76457357,0.00000000,57116.47743580,0.00000000,56755.99475914,0.00000000,56515.67297470,0.00000000
zion,3,1,10,0,303396.84125511,0.00000000,42751.37337461,0.00000000,43413.33012363,0.00000000,43661.56390452,0.00000000,43827.05309178,0.00000000,43827.05309178,0.00000000,43137.51481154,0.00000000,42778.95490582,0.00000000
zion,3,1,11,0,263480.31478623,0.00000000,37106.81189758,0.00000000,37611.81584648,0.00000000,37787.46939393,0.00000000,37831.38278079,0.00000000,37941.16624794,0.00000000,37919.20955451,0.00000000,37282.46544502,0.00000000
zion,3,1,12,0,216367.37093315,0.00000000,30574.37390572,0.00000000,30840.67220866,0.00000000,30957.17771619,0.00000000,30973.82136012,0.00000000,30990.46500406,0.00000000,31057.03957979,0.00000000,30973.82136012,0.00000000
zion,3,1,13,0,157049.14835210,0.00000000,22435.59238144,0.00000000,22435.59238144,0.00000000,22435.59238144,0.00000000,22435.59238144,0.00000000,22435.59238144,0.00000000,22435.59238144,0.00000000,22435.59238144,0.00000000
zion,3,1,14,0,173779.13381892,0.00000000,24780.90421717,0.00000000,25058.95082830,0.00000000,24873.58642088,0.00000000,24792.48949263,0.00000000,24780.90421717,0.00000000,24769.31894171,0.00000000,24722.97783985,0.00000000
zion,3,1,15,0,904241.21753988,0.00000000,128458.76509548,0.00000000,130097.70226564,0.00000000,130549.82286430,0.00000000,129249.97614314,0.00000000,128797.85554448,0.00000000,128684.82539481,0.00000000,128402.25002065,0.00000000
zion,3,2,0,0,1195183.95900170,6322197.17030280,187643.87736910,992584.93355154,151788.35940048,802919.02268182,130275.04861931,689119.47615998,135055.78434846,714408.26427595,155373.91119734,821885.61376879,200790.90062426,1062129.10087043,234256.05072830,1239150.61768217
zion,3,2,0,1,596540.80212903,15615759.55372875,96639.60778484,2529752.99115967,77848.57293779,2037856.57621195,69198.73150026,1811428.06774396,67707.37952827,1772388.66973224,75164.13938821,1967585.65979085,96639.60778484,2529752.99115967,112746.20908231,2951378.48968627
zion,3,2,0,2,386592.91710264,13859711.77246798,68684.67660173,2462408.85120085,48195.25149915,1727844.10947302,42654.08621983,1529188.23592399,41880.90036691,1501468.81170784,45489.10101390,1630826.12471652,67782.62643998,2430069.52294869,71519.69139579,2564046.73999338
zion,3,2,0,3,219486.31421194,9318534.83092859,33965.50636511,1442043.23285402,31057.31276680,1318572.64910401,27655.27497256,1174135.36245304,28203.99074583,1197431.69900964,31002.44118948,1316243.01544834,32868.07481858,1395450.55974081,34514.22213837,1465339.56941063
zion,3,2,0,4,124215.51230450,6054186.84010002,18955.28807799,923868.95568068,18657.17083430,909338.90657430,16644.87943939,811261.07510623,16098.33115929,784622.65174454,17365.32944498,846375.36044666,18160.30876149,885122.15806366,18209.99496877,887543.83291473
zion,3,2,0,5,73594.51274860,4053745.70257179,10671.20460694,587793.14110596,10867.45664569,598603.12990791,10781.59637874,593873.75980705,10818.39363601,595900.63270742,10597.61009241,583739.39530523,9812.60193742,540499.44009743,10045.65123343,553336.30179975
zion,3,2,0,6,47138.16135595,2900470.81295898,6734.02297873,414352.96884205,6734.02297873,414352.96884205,6734.02297873,414352.96884205,6734.02297873,414352.96884205,6734.02297873,414352.96884205,6734.02297873,414352.96884205,6734.02297873,414352.96884205
zion,3,2,0,7,32431.72938696,2207955.24472644,4787.73394374,325949.38571720,4580.98167351,311873.67134669,4516.11821619,307457.76095594,4544.49597877,309389.72175189,4532.33408052,308561.73855363,4605.30547001,313529.63774322,4864.75929931,331193.27930622
zion,3,2,0,8,18037.68286229,1347603.49190581,2767.78229289,206782.27415399,2627.48920056,196300.91340758,2493.20866934,186268.75383603,2475.17098604,184921.15031149,2483.18773417,185520.08521129,2513.25053967,187766.09108552,2677.59387639,200044.25653130
zion,3,2,0,9,12000.88169051,976966.94255712,1820.53383892,148205.89222532,1813.33330957,147619.71203194,1710.12572212,139217.79592688,1638.12042856,133355.99399312,1623.71936985,132183.63360636,1650.12131082,134332.96098208,1744.92828068,142051.00019487
zion,3,2,0,10,8628.52970066,760741.14373220,1282.51328689,113073.79803641,1291.92622845,113903.69747154,1274.66916893,112382.21517380,1212.70063703,106918.71055920,1163.28269386,102561.73852476,1167.98916464,102976.68824233,1235.44857912,108924.30086076
zion,3,2,0,11,6697.39472961,636096.78477419,980.05211916,93082.16509255,985.07516533,93559.23769268,982.84270037,93347.20542596,974.47095675,92552.08442574,928.70542499,88205.42295786,903.59019415,85820.05995720,942.65833102,89530.62462490
zion,3,2,0,12,5150.50066247,524498.64042104,740.87971137,75447.11219237,747.21878911,76092.64898118,744.44544260,75810.22663608,745.63401968,75931.26478398,738.50255721,75205.03589656,713.14624624,72622.88874132,720.67390106,73389.46367803
zion,3,2,0,13,3867.17286765,420491.32291585,552.45326089,60070.18834461,552.45326089,60070.18834461,552.45326089,60070.18834461,552.45326089,60070.18834461,552.45326089,60070.18834461,552.45326089,60070.18834461,552.45326089,60070.18834461
zion,3,2,0,14,3377.96967821,390729.82516200,491.15678595,56812.11597009,479.67168917,55483.63457876,476.06852155,55066.85610305,477.64490738,55249.19668618,476.96931345,55171.05072198,481.02287702,55639.92650715,495.43554750,57307.04040999
zion,3,2,0,15,20502.84925197,2514890.29565337,3051.08018611,374247.10375684,2961.38022264,363244.45895929,2875.52454332,352713.35608163,2863.99169087,351298.73032194,2869.11740307,351927.45288180,2888.33882381,354285.16248128,2993.41592388,367173.97495841
zion,3,2,1,0,633702.55699967,2313970.17848616,102659.81193932,374863.16053591,82698.18184001,301973.10154282,73509.49496890,268420.53470473,71925.23861181,262635.60938781,79846.52039725,291560.23597238,102659.81193932,374863.16053591,119769.78059587,437340.35395856
zion,3,2,1,1,308758.74397460,5025262.34370138,54856.13817446,892821.63135007,38491.92434756,626482.72068467,34066.38224343,554453.95868082,33448.86474053,544403.43375005,36330.61308740,591305.88342698,54135.70108774,881096.01893084,57120.36901844,929673.55609623
zion,3,2,1,2,197251.48393351,4134018.26301045,30524.66645643,639739.31190158,27911.08435273,584963.57114102,24853.68642010,520886.28949660,25346.81511891,531221.33492312,27861.77148285,583930.06659837,29538.40905881,619069.22104854,31017.79515524,650074.35732810
zion,3,2,1,3,111148.16639831,2640445.78627535,16961.21099800,402932.04612386,16694.45538597,396594.97593580,14893.85500479,353819.75216643,14404.80304941,342201.79015500,15538.51440052,369134.33845423,16249.86269926,386033.19228905,16294.32196793,387089.37065372
zion,3,2,1,4,62747.31242498,1654170.29642467,9098.36052193,239854.69878951,9265.68669245,244265.81968679,9192.48149285,242335.95429423,9223.85514982,243163.03946247,9035.61320799,238200.52845303,8366.30852592,220556.04486392,8565.00835341,225794.25092944
zion,3,2,1,5,37181.08534275,1077516.72089182,5311.58356350,153930.95847877,5311.58356350,153930.95847877,5311.58356350,153930.95847877,5311.58356350,153930.95847877,5311.58356350,153930.95847877,5311.58356350,153930.95847877,5311.58356350,153930.95847877
zion,3,2,1,6,23845.99736441,754149.30187925,3520.26528224,111331.28820148,3368.24705244,106523.58650946,3320.55505877,105015.28793941,3341.42030600,105675.16856381,3332.47805719,105392.36258192,3386.13155006,107089.19847322,3576.89952471,113122.39275341
zion,3,2,1,7,16435.37549661,563592.38258925,2521.91712338,86480.12213359,2394.08642198,82096.62571842,2271.73417921,77900.99343533,2255.29880331,77337.40103909,2262.60341482,77587.88654853,2289.99570798,78527.20720892,2439.74024391,83662.16015241
zion,3,2,1,8,9159.70187750,338601.46341342,1389.52684082,51365.84443956,1384.03101943,51162.68355187,1305.25757954,48250.71082820,1250.29936566,46219.10195122,1239.30772289,45812.78017583,1259.45906798,46557.70343072,1331.82071625,49232.65511874
zion,3,2,1,9,6107.65135692,242130.01965896,907.81909418,35989.32589231,914.48198662,36253.46773372,902.26668382,35769.20769114,858.40264196,34030.27390184,823.42245668,32643.52923443,826.75390290,32775.60015514,874.50463201,34668.61668526
zion,3,2,1,10,4400.85858192,186246.74916706,643.99232142,27254.10828805,647.29296543,27393.79335331,645.82601254,27331.71110209,640.32493917,27098.90265999,610.25240480,25826.21650986,593.74918472,25127.79118358,619.42086040,26214.23058003
zion,3,2,1,11,3422.96173164,154013.87568167,492.37988032,22154.30367638,496.59275630,22343.85921586,494.74962306,22260.92866734,495.53953730,22296.47033099,490.80005182,22083.22034908,473.94854790,21324.99819117,478.95133813,21550.09539430
zion,3,2,1,12,2637.50683829,125711.89703852,376.78668715,17958.84224173,376.78668715,17958.84224173,376.78668715,17958.84224173,376.78668715,17958.84224173,376.78668715,17958.84224173,376.78668715,17958.84224173,376.78668715,17958.84224173
zion,3,2,1,13,1984.00934737,99846.40694763,288.47495602,14517.66741470,281.72932431,14178.18963471,279.61304769,14071.68680177,280.53891871,14118.28179118,280.14211685,14098.31251001,282.52292804,14218.12819706,290.98803450,14644.13952881
zion,3,2,1,14,1736.07513951,91978.85352496,258.34967592,13687.60283424,250.75434736,13285.19535906,243.48453287,12900.03391854,242.50799063,12848.29581459,242.94200941,12871.29052745,244.56957981,12957.52070071,253.46696470,13428.91231448
zion,3,2,1,15,10550.20099786,586981.90906831,1562.05028555,86907.84742955,1558.32668535,86700.67735224,1504.95508242,83731.23957754,1467.71908038,81659.53880448,1460.27187998,81245.19864987,1473.92508072,82004.82226666,1522.95248341,84732.56161784
zion,3,2,2,0,203421.60572619,1034763.40286394,36141.23949249,183842.96902714,25359.89412794,129000.50734737,22444.18437526,114168.89821385,22037.34115396,112099.37135801,23935.94285338,121757.16335193,35666.58906764,181428.52102866,37632.99797060,191431.23416522
zion,3,2,2,1,95757.35344160,2042813.67288282,14818.45011387,316125.40881266,13549.66520913,289058.12825197,12065.42626396,257394.51703002,12304.81964221,262501.55109808,13525.72587130,288547.42484516,14339.66335736,305911.34067655,15057.84349212,321232.44288072
zion,3,2,2,2,59784.00223361,1615876.27693379,9123.03917417,246582.73157215,8979.55756199,242704.62832331,8011.05667981,216527.43139363,7748.00705749,209417.57543742,8357.80390923,225899.51424500,8740.42154170,236241.12290857,8764.33514373,236887.47345005
zion,3,2,2,3,33217.35551286,1009911.68582207,4816.51666599,146437.19799009,4905.09628284,149130.29588416,4866.34270047,147952.06555550,4882.95137863,148457.02141064,4783.29930968,145427.28627981,4428.98084229,134654.89470353,4534.16913730,137852.94845274
zion,3,2,2,4,18608.26861594,625035.36223263,2658.32405952,89290.76507691,2658.32405952,89290.76507691,2658.32405952,89290.76507691,2658.32405952,89290.76507691,2658.32405952,89290.76507691,2658.32405952,89290.76507691,2658.32405952,89290.76507691
zion,3,2,2,5,10979.11718104,404231.30038708,1620.79213762,59674.64438581,1550.80026716,57097.66990344,1528.84203329,56289.20732074,1538.44876061,56642.90970067,1534.33159175,56491.32296641,1559.03460486,57400.84337196,1646.86754035,60634.69370277
zion,3,2,2,6,7023.58176806,281633.29649030,1077.72962851,43215.06576344,1023.10176899,41024.58451547,970.81510345,38927.98103528,963.79152151,38646.34773197,966.91311348,38771.51808899,978.61908338,39240.90692784,1042.61171882,41806.89924689
zion,3,2,2,7,4832.99914264,209815.54911987,733.16600476,31829.02031328,730.26620514,31703.13097783,688.70241054,29898.71716969,659.70441430,28639.82381518,653.90481506,28388.04514428,664.53741368,28849.63937427,702.71810872,30507.18229104
zion,3,2,2,8,2690.85204253,125787.00239012,399.95846539,18696.52275423,402.89394036,18833.74493958,397.51223624,18582.17093310,378.18702599,17678.79154620,362.77578237,16958.37507310,364.24351985,17026.98616578,385.28109051,18010.41182747
zion,3,2,2,9,1793.27644760,89818.89561711,262.41612652,13143.49871023,263.76108389,13210.86288358,263.16332506,13180.92325098,260.92172944,13068.64962874,248.66767342,12454.88716049,241.94288658,12118.06629377,252.40366611,12642.00986423
zion,3,2,2,10,1291.69114879,69014.07737714,185.80480388,9927.40960119,187.39457761,10012.35000419,186.69905160,9975.18857788,186.99713418,9991.11490344,185.20863874,9895.55695006,178.84954385,9555.79533804,180.73740014,9656.66206661
zion,3,2,2,11,1004.42191811,57021.42037617,143.48884391,8145.91710935,143.48884391,8145.91710935,143.48884391,8145.91710935,143.48884391,8145.91710935,143.48884391,8145.91710935,143.48884391,8145.91710935,143.48884391,8145.91710935
zion,3,2,2,12,773.79983637,46510.76155503,112.51049500,6762.66465767,109.87957559,6604.52807008,109.05418910,6554.91659162,109.41529569,6576.62161344,109.26053572,6567.31946123,110.18909552,6623.13237450,113.49064145,6821.57828834
zion,3,2,2,13,581.99944041,36920.18808636,86.60878979,5494.18536680,84.06254230,5332.65954753,81.62541969,5178.05626337,81.29804502,5157.28865804,81.44354487,5166.51870485,81.98916934,5201.13138041,84.97191640,5390.34734013
zion,3,2,2,14,509.21888986,33994.84030478,75.39434675,5033.23586120,75.21462244,5021.23768275,72.63857404,4849.26379158,70.84133097,4729.28200705,70.48188236,4705.28565014,71.14087149,4749.27897114,73.50724153,4907.25498744
zion,3,2,2,15,3093.02493891,216764.97121768,452.78449508,31731.98405496,454.84651175,31876.49403927,451.06614785,31611.55906803,437.49120473,30660.20167132,426.66561718,29901.52425369,427.69662552,29973.77924584,442.47441170,31009.43413340
zion,3,2,3,0,99212.51550317,668766.00281319,15353.13643095,103491.53662212,14038.57062991,94630.38728291,12500.77667399,84264.51447100,12748.80795720,85936.42944067,14013.76750159,94463.19578595,14857.07386452,100147.70668280,15601.16771416,105163.45159179
zion,3,2,3,1,44907.00634754,1215991.19323190,6852.80949412,185560.26490083,6745.03267377,182641.88589846,6017.53913639,162942.82763244,5819.94829907,157592.46612810,6277.99978557,169995.57688818,6565.40463985,177777.92089450,6583.36744324,178264.31739490
zion,3,2,3,2,27361.38779156,931520.25137669,3967.40132584,135070.43972027,4040.36502839,137554.49378409,4008.44340853,136467.72013117,4022.12410275,136933.48026813,3940.03993739,134138.91944634,3648.18512721,124202.70319105,3734.82952398,127152.51739184
zion,3,2,3,3,14985.15431104,571960.56242100,2140.73630722,81708.65089931,2140.73630722,81708.65089931,2140.73630722,81708.65089931,2140.73630722,81708.65089931,2140.73630722,81708.65089931,2140.73630722,81708.65089931,2140.73630722,81708.65089931
zion,3,2,3,4,8329.06066926,350574.57941696,1229.57755382,51753.57112965,1176.47979324,49518.65823582,1159.82167227,48817.50909265,1167.10960019,49124.26184279,1163.98620251,48992.79637845,1182.72658860,49781.58916450,1249.35907246,52586.18573715
zion,3,2,3,5,4892.78253138,225476.72048284,750.77031549,34598.15094742,712.71533933,32844.44307898,676.29129071,31165.89411918,671.39850806,30940.41739324,673.57307813,31040.62927143,681.72771588,31416.42381467,726.30640224,33470.76731770
zion,3,2,3,6,3121.85933375,156559.44883699,473.58608342,23750.06951664,471.71296774,23656.13384288,444.86497619,22309.72251893,426.13381930,21370.36578129,422.38758792,21182.49443376,429.25567878,21526.92523756,453.91836869,22763.74494212
zion,3,2,3,7,2144.55631098,116372.57892236,318.75905383,17297.19707480,321.09856982,17424.14897993,316.80945717,17191.40382052,301.40764356,16355.63711170,289.12518461,15689.13960974,290.29494260,15752.61556231,307.06147387,16662.43754912
zion,3,2,3,8,1192.76371494,69663.56103189,174.54109451,10194.10134451,175.43566732,10246.34901655,175.03807941,10223.12782898,173.54712473,10136.04837558,165.39657248,9660.01403033,160.92370844,9398.77567014,167.88149694,9805.14645266
zion,3,2,3,9,794.41705232,49696.90773994,114.27383763,7148.70904310,115.25158170,7209.87446806,114.82381867,7183.11459464,115.00714568,7194.58311182,113.90718361,7125.77200873,109.99620735,6881.11030886,111.15727842,6953.74425101
zion,3,2,3,10,571.98320567,38159.82358569,81.71188565,5451.40331100,81.71188565,5451.40331100,81.71188565,5451.40331100,81.71188565,5451.40331100,81.71188565,5451.40331100,81.71188565,5451.40331100,81.71188565,5451.40331100
zion,3,2,3,11,444.64332041,31512.45265062,64.65113810,4581.91056633,63.13935082,4474.76822846,62.66506462,4441.15494599,62.87256483,4455.86075707,62.78363617,4449.55826661,63.31720815,4487.37320939,65.21435296,4621.82633926
zion,3,2,3,12,342.47272553,25693.27817072,50.96422133,3823.48087232,49.46590319,3711.07278283,48.03179868,3603.48218290,47.83915778,3589.02971425,47.92477596,3595.45303365,48.24584413,3619.54048140,50.00101681,3751.21852908
zion,3,2,3,13,257.54117599,20388.67534047,38.13124201,3018.72316405,38.04034513,3011.52716127,36.73748982,2908.38445483,35.82852100,2836.42442708,35.64672723,2822.03242153,35.98001580,2848.41776504,37.17682475,2943.16513491
zion,3,2,3,14,225.30489811,18768.17030627,32.98213449,2747.45166414,33.13233776,2759.96377798,32.85696510,2737.02490261,31.86812691,2654.65348649,31.07955975,2588.96488883,31.15466139,2595.22094575,32.23111815,2684.89109494
zion,3,2,3,15,1367.83519162,119598.99090089,198.40808506,17348.14757268,199.05600696,17404.79972368,198.76804167,17379.62098990,197.68817183,17285.20073824,191.78488338,16769.03669580,188.54527386,16485.77594080,193.58466644,16926.40378191
zion,3,2,4,0,52044.91171237,433218.70606186,7942.05390454,66109.17768506,7817.14611049,65069.45274112,6974.01850071,58051.30936958,6745.02087829,56145.14697237,7275.87900298,60563.97798408,7608.96645376,63336.57783457,7629.78441943,63509.86532523
zion,3,2,4,1,22584.86982640,730439.59670399,3274.80620412,105913.74408672,3335.03252512,107861.58305842,3308.68350968,107009.40350830,3319.97594487,107374.62331550,3252.22133375,105183.30447232,3011.31604977,97391.94858549,3082.83480595,99705.00736439
zion,3,2,4,2,13426.96012222,543505.27609709,1918.13713977,77643.61003943,1918.13713977,77643.61003943,1918.13713977,77643.61003943,1918.13713977,77643.61003943,1918.13713977,77643.61003943,1918.13713977,77643.61003943,1918.13713977,77643.61003943
zion,3,2,4,3,7250.48561443,328399.96885045,1070.35291491,48480.04431793,1024.13107015,46386.49456331,1009.63009924,45729.69464029,1015.97427401,46017.04460661,1013.25534197,45893.89462104,1029.56893424,46632.79453444,1087.57281785,49259.99422652
zion,3,2,4,4,3999.48715153,199554.10332041,613.69909889,30620.46926207,582.59197585,29068.38175421,552.81801522,27582.81228241,548.81852797,27383.25817426,550.59607786,27471.94888899,557.26188994,27804.53906925,593.70166265,29622.69872130
zion,3,2,4,5,2339.54876822,127722.21736316,354.90956500,19375.46129428,353.50583567,19298.82796022,333.38571531,18200.41683872,319.34842203,17434.08349815,316.54096337,17280.81683003,321.68797091,17561.80572158,340.17040706,18570.81128667
zion,3,2,4,6,1489.01228430,88422.40679827,221.32137284,13142.78509921,222.94574989,13239.24590728,219.96772530,13062.40109249,209.27390973,12427.36743938,200.74593023,11920.94819702,201.55811875,11969.17860106,213.19948760,12660.48105887
zion,3,2,4,7,1021.21151299,65597.98805473,149.43728835,9599.17248445,150.20319701,9648.37097668,149.86279316,9626.50498013,148.58627874,9544.50749308,141.60799990,9096.25456385,137.77845663,8850.26210269,143.73552393,9232.91704227
zion,3,2,4,8,567.40294416,39219.59079581,81.61873127,5641.58729665,82.31707336,5689.85756229,82.01154870,5668.73932107,82.14248784,5677.78999588,81.35685299,5623.48594704,78.56348465,5430.40488448,79.39276588,5487.72582492
zion,3,2,4,9,377.68391437,27957.09540231,53.95484433,3993.87072898,53.95484433,3993.87072898,53.95484433,3993.87072898,53.95484433,3993.87072898,53.95484433,3993.87072898,53.95484433,3993.87072898,53.95484433,3993.87072898
zion,3,2,4,10,271.82485294,21455.23945093,39.52333319,3119.59178275,38.59912870,3046.64396940,38.30918220,3023.75838090,38.43603379,3033.77082587,38.38166882,3029.47977803,38.70785864,3055.22606509,39.86764467,3146.76841910
zion,3,2,4,11,211.24664371,17710.50837776,31.43614046,2635.54496906,30.51193642,2558.06149664,29.62734112,2483.89874446,29.50851488,2473.93658372,29.56132654,2478.36421072,29.75937027,2494.96781195,30.84200929,2585.73416536
zion,3,2,4,12,162.66950575,14435.38981780,24.08465469,2137.28674852,24.02724192,2132.19190526,23.20432563,2059.16581850,22.63019799,2008.21738587,22.51537246,1998.02769935,22.72588593,2016.70879131,23.48182066,2083.79089426
zion,3,2,4,13,122.30753469,11452.20180844,17.90446454,1676.47513866,17.98600290,1684.10994005,17.83651591,1670.11280417,17.29972171,1619.85036168,16.87164533,1579.76765438,16.91241451,1583.58505508,17.49677275,1638.30113171
zion,3,2,4,14,106.98392905,10539.81432257,15.51829974,1528.82773407,15.56897633,1533.82027747,15.54645340,1531.60136930,15.46199241,1523.28046363,15.00027232,1477.79284600,14.74688934,1452.83012901,15.14104064,1491.66102211
zion,3,2,4,15,649.19671209,67127.89311699,93.15973261,9632.85311982,93.67909000,9686.55543687,93.45187114,9663.06067316,93.54925065,9673.12985761,92.96497359,9612.71475093,90.88754401,9397.90548276,91.50428091,9461.67698425
zion,3,2,5,0,30234.77787374,296279.75168916,4384.04289785,42960.56503519,4464.66897413,43750.64439216,4429.39506576,43404.98467349,4444.51245506,43553.12455292,4353.80811924,42664.28527633,4031.30381411,39503.96784845,4127.04727970,40442.18708485
zion,3,2,5,1,12551.09080356,465068.19154813,1793.01295273,66438.31236674,1793.01295273,66438.31236674,1793.01295273,66438.31236674,1793.01295273,66438.31236674,1793.01295273,66438.31236674,1793.01295273,66438.31236674,1793.01295273,66438.31236674
zion,3,2,5,2,7282.22946888,336682.95821071,1075.03910131,49702.82059491,1028.61488949,47556.46678429,1014.05043088,46883.10088292,1020.42238152,47177.69846477,1017.69154553,47051.44235827,1034.07656147,47808.97899731,1092.33439592,50502.44260279
zion,3,2,5,3,3878.93938512,200405.43974899,595.20171340,30751.10211055,565.03218411,29192.39309698,536.15563466,27700.48589828,532.27669518,27500.08045368,534.00066828,27589.14954017,540.46556741,27923.15861450,575.80701600,29749.07488754
zion,3,2,5,4,2124.20084981,120809.98276581,322.24128422,18326.87525605,320.96676365,18254.38926295,302.69863547,17215.42336182,289.95342977,16490.56343079,287.40438863,16345.59144459,292.07763072,16611.37341930,308.85881823,17565.77232848
zion,3,2,5,5,1237.60227989,76979.91999104,183.95270375,11442.01545774,185.30281534,11525.99355285,182.82761076,11372.03371182,173.93937615,10819.17791907,166.85129031,10378.29291978,167.52634611,10420.28196733,177.20214582,11022.12498223
zion,3,2,5,6,785.80054380,53151.17820967,114.98881569,7777.78926635,115.57816612,7817.65265097,115.31623260,7799.93559114,114.33398189,7733.49661677,108.96434471,7370.29689021,106.01759260,7170.97996709,110.60142922,7481.02851416
zion,3,2,5,7,538.09667988,39362.48536776,77.40313787,5662.14213125,78.06541071,5710.58826713,77.77566634,5689.39308268,77.89984250,5698.47673316,77.15478556,5643.97483029,74.50569421,5450.19028677,75.29214320,5507.72007313
zion,3,2,5,8,298.68815999,23507.76936223,42.66973669,3358.25273007,42.66973669,3358.25273007,42.66973669,3358.25273007,42.66973669,3358.25273007,42.66973669,3358.25273007,42.66973669,3358.25273007,42.66973669,3358.25273007
zion,3,2,5,9,198.70562528,16745.81761505,28.89179761,2434.84185515,28.21619849,2377.90607587,28.00424582,2360.04387060,28.09697511,2367.85858541,28.05723399,2364.50942192,28.29568074,2384.60440284,29.14349140,2456.05322390
zion,3,2,5,10,142.95678605,12845.25359520,21.27375625,1911.53425791,20.64832032,1855.33627469,20.04968880,1801.54677646,19.96927560,1794.32132147,20.00501480,1797.53263480,20.13903678,1809.57505978,20.87169030,1875.40698298
zion,3,2,5,11,111.06652891,10599.52624102,16.44437895,1569.35332273,16.40517900,1565.61231362,15.84331305,1511.99118301,15.45131355,1474.58109188,15.37291365,1467.09907365,15.51664680,1480.81610707,16.03277948,1530.07272705
zion,3,2,5,12,85.50780449,8637.01934250,12.51739279,1264.36369548,12.57439800,1270.12170851,12.46988846,1259.56535128,12.09460419,1221.65843214,11.79532687,1191.42886371,11.82382947,1194.30787022,12.23236677,1235.57363030
zion,3,2,5,13,64.28091907,6850.64612678,9.32411605,993.70420336,9.35456490,996.94924611,9.34103208,995.50700489,9.29028399,990.09860030,9.01286108,960.53265521,8.86061681,944.30744143,9.09744124,969.54666286
zion,3,2,5,14,56.22001419,6303.76715718,8.06757242,904.59063002,8.11254843,909.63364399,8.09287143,907.42732538,8.10130443,908.37289050,8.05070641,902.69949978,7.87080236,882.52744392,7.92421138,888.51602301
zion,3,2,5,15,341.00099542,40128.89745604,48.71442739,5732.69957518,48.71442739,5732.69957518,48.71442739,5732.69957518,48.71442739,5732.69957518,48.71442739,5732.69957518,48.71442739,5732.69957518,48.71442739,5732.69957518
zion,3,2,6,0,19103.39291004,213439.15778114,2729.05610078,30491.30792788,2729.05610078,30491.30792788,2729.05610078,30491.30792788,2729.05610078,30491.30792788,2729.05610078,30491.30792788,2729.05610078,30491.30792788,2729.05610078,30491.30792788
zion,3,2,6,1,7572.50758582,312670.46102969,1117.89140737,46157.97577780,1069.61667259,44164.70163329,1054.47165776,43539.36072520,1061.09760175,43812.94737249,1058.25791147,43695.69595222,1075.29605315,44399.20447382,1135.87611248,46900.56810614
zion,3,2,6,2,4289.49341244,220490.95329735,658.19894956,33833.11265299,624.83622221,32118.18297470,592.90332603,30476.75028263,588.61383252,30256.25932400,590.52027408,30354.25530561,597.66942994,30721.74023667,636.75148198,32730.65785980
zion,3,2,6,3,2254.92472619,129399.20879714,342.07209721,19629.86090690,340.71914231,19552.22137793,321.32678874,18439.38812942,307.79723974,17662.99283976,305.09132994,17507.71378183,310.05216458,17792.39205470,327.86607076,18814.64585275
zion,3,2,6,4,1226.34285865,77426.96500805,182.27914431,11508.46260390,183.61697289,11592.92838448,181.16428716,11438.07445342,172.35691566,10882.00806461,165.33331560,10438.56271657,166.00222990,10480.79560686,175.59000140,11086.13370101
zion,3,2,6,5,711.78537359,49133.71201605,104.15792886,7189.90003245,104.69176790,7226.75031735,104.45450610,7210.37241295,103.56477436,7148.95527144,98.70090753,6813.20823120,96.03171231,6628.95680668,100.18379376,6915.57013372
zion,3,2,6,6,450.92479661,33841.33338857,64.86379773,4867.94565350,65.41878209,4909.59652541,65.17597643,4891.37426895,65.28003600,4899.18380743,64.65567859,4852.32657654,62.43574113,4685.72308893,63.09478506,4735.18349932
zion,3,2,6,7,308.33422999,25022.01643653,44.04774667,3574.57373836,44.04774667,3574.57373836,44.04774667,3574.57373836,44.04774667,3574.57373836,44.04774667,3574.57373836,44.04774667,3574.57373836,44.04774667,3574.57373836
zion,3,2,6,8,170.99591133,14928.31273202,24.86280524,2170.57664799,24.28141915,2119.82038524,24.09902351,2103.89685183,24.17882160,2110.86339770,24.14462242,2107.87773519,24.34981751,2125.79171027,25.07940006,2189.48584391
zion,3,2,6,9,113.69651138,10627.72103407,16.91946172,1581.53770103,16.42203950,1535.04142255,15.94593536,1490.53784171,15.88198108,1484.55974876,15.91040521,1487.21667896,16.01699568,1497.18016721,16.59969029,1551.64723629
zion,3,2,6,10,81.76830938,8148.77775492,12.10651921,1206.49839956,12.07765980,1203.62236047,11.66400837,1162.39913347,11.37541435,1133.63874254,11.31769555,1127.88666435,11.42351336,1138.43214102,11.80349548,1176.29998908
zion,3,2,6,11,63.51085684,6722.00297433,9.29728399,984.02657035,9.33962456,988.50790577,9.26200018,980.29212416,8.98325808,950.78999928,8.76097008,927.26298830,8.78214036,929.50365601,9.08558113,961.61989322
zion,3,2,6,12,48.88570364,5476.07284519,7.09099964,794.31874066,7.11415602,796.91266979,7.10386429,795.75981240,7.06527032,791.43659719,6.85428992,767.80302073,6.73850800,754.83337511,6.91861322,775.00837941
zion,3,2,6,13,36.74440447,4342.64755243,5.27282229,623.16995337,5.30221782,626.64407158,5.28935727,625.12414486,5.29486894,625.77554203,5.26179897,621.86715904,5.14421687,607.97068622,5.17912406,612.09620159
zion,3,2,6,14,32.13265271,3995.36686922,4.59037891,570.76668949,4.59037891,570.76668949,4.59037891,570.76668949,4.59037891,570.76668949,4.59037891,570.76668949,4.59037891,570.76668949,4.59037891,570.76668949
zion,3,2,6,15,194.81865724,25422.50837127,28.16900695,3675.86362159,27.71738188,3616.92962452,27.57569558,3598.44052739,27.63768333,3606.52950738,27.61111715,3603.06280167,27.77051424,3623.86303594,28.33725943,3697.81942443
zion,3,2,7,0,13886.24542279,172990.84979532,2049.95693472,25537.77363022,1961.43212213,24434.95698742,1933.65963190,24088.97529557,1945.81009638,24240.34228575,1940.60275446,24175.47071853,1971.84680596,24564.70012187,2082.93676686,25948.62688930
zion,3,2,7,1,5248.02315028,236868.06786834,805.28001623,36346.08996078,764.46205740,34503.78272164,725.39343967,32740.43150704,720.14541639,32503.56343343,722.47787118,32608.83813281,731.22457665,33003.61825548,779.03989984,35161.74959276
zion,3,2,7,2,2903.67424334,162865.09875431,440.48740364,24706.63665453,438.74519901,24608.91759064,413.77359933,23208.27767482,396.35155304,22231.08703588,392.86714378,22035.64890810,399.25522742,22393.95214237,422.19425504,23680.58648364
zion,3,2,7,3,1507.22971425,94305.53424363,224.02914540,14017.23177540,225.67339601,14120.11054073,222.65893656,13931.49947097,211.83428672,13254.21426592,203.20197103,12714.10074797,204.02409633,12765.54013063,215.80789236,13502.83794878
zion,3,2,7,4,814.34630051,56035.81630777,119.16601153,8199.90798493,119.77677127,8241.93484817,119.50532249,8223.25624229,118.48738959,8153.21147021,112.92268974,7770.30004950,109.86889104,7560.16573326,114.61924457,7887.04133630
zion,3,2,7,5,470.96743818,35423.27747328,67.74685463,5095.50222590,68.32650686,5139.10010591,68.07290901,5120.02603341,68.18159381,5128.20063591,67.52948504,5079.15302090,65.21087612,4904.76150087,65.89921314,4956.53398338
zion,3,2,7,6,297.73349980,24342.62446170,42.53335666,3477.51774300,42.53335666,3477.51774300,42.53335666,3477.51774300,42.53335666,3477.51774300,42.53335666,3477.51774300,42.53335666,3477.51774300,42.53335666,3477.51774300
zion,3,2,7,7,203.30750637,17972.17472608,29.56091111,2613.15417718,28.86966560,2552.04878377,28.65280426,2532.87846427,28.74768109,2541.26547905,28.70701959,2537.67104414,28.95098860,2559.23765358,29.81843395,2635.91893159
zion,3,2,7,8,112.65433878,10712.32758112,16.76437341,1594.12821253,16.27151069,1547.26178041,15.79977066,1502.40390967,15.73640260,1496.37822554,15.76456618,1499.05630738,15.87017962,1509.09911426,16.44753309,1563.99979189
zion,3,2,7,9,74.86738996,7622.02554320,11.08477724,1128.50808991,11.05835345,1125.81796335,10.67961255,1087.25948273,10.41537472,1060.35821718,10.36252715,1054.97796407,10.45941436,1064.84176143,10.80732751,1100.26176108
zion,3,2,7,10,53.82491409,5841.91286630,7.87936956,855.19115419,7.91525284,859.08576286,7.84946683,851.94564697,7.61323526,826.30613988,7.42484805,805.85944435,7.44278969,807.80674868,7.69995317,835.71811083
zion,3,2,7,11,41.79629569,4817.66198349,6.06266240,698.81451687,6.08246065,701.09656718,6.07366143,700.08232260,6.04066435,696.27890542,5.86028035,675.48689149,5.76128913,664.07663995,5.91527547,681.82592013
zion,3,2,7,12,32.16535513,3923.82757550,4.61572868,563.06928383,4.64146097,566.20834604,4.63020309,564.83500632,4.63502789,565.42358049,4.60607907,561.89213550,4.50314993,549.33588666,4.53370702,553.06352304
zion,3,2,7,13,24.17322993,3111.14988920,3.45331853,444.44997941,3.45331853,444.44997941,3.45331853,444.44997941,3.45331853,444.44997941,3.45331853,444.44997941,3.45331853,444.44997941,3.45331853,444.44997941
zion,3,2,7,14,21.13682202,2861.95638151,3.05619233,413.81287777,3.00719333,407.17834248,2.99182110,405.09691964,2.99854645,406.00754214,2.99566416,405.61727535,3.01295792,407.95887605,3.07444686,416.28456739
zion,3,2,7,15,128.10167243,18203.06281406,18.83094625,2675.85029067,18.44107158,2620.44966354,18.06790584,2567.42334899,18.01777909,2560.30041122,18.04005764,2563.46616134,18.12360222,2575.33772430,18.58031254,2640.23560180
zion,3,2,8,0,7667.92800969,104794.81091011,1176.60098198,16080.18193013,1116.96154046,15265.11115887,1059.87807500,14484.97199210,1052.21014681,14380.17717865,1055.61811490,14426.75265129,1068.39799522,14601.41067371,1138.26134100,15556.20786290
zion,3,2,8,1,2759.12007530,134251.60957216,418.55853530,20365.97013943,416.90306318,20285.41916986,393.17462940,19130.85527270,376.61990817,18325.34557701,373.30896392,18164.24363787,379.37902837,18459.59719296,401.17607800,19520.18495895
zion,3,2,8,2,1491.89487478,90080.22768183,221.74983061,13389.19756857,223.37735231,13487.46690852,220.39356254,13307.30645194,209.67904473,12660.36663058,201.13455584,12144.45259583,201.94831669,12193.58726581,213.61222215,12897.85086880
zion,3,2,8,3,765.07942948,51498.64771770,111.95662589,7535.96896517,112.53043548,7574.59295189,112.27540899,7557.42673557,111.31905968,7493.05342436,106.09101679,7141.14598977,103.22196886,6948.02605616,107.68493231,7248.43484178
zion,3,2,8,4,410.80510785,30400.01262299,59.09273480,4372.92489676,59.59834109,4410.34029695,59.37713834,4393.97105937,59.47193952,4400.98644690,58.90313244,4358.89412170,56.88070729,4209.23252095,57.48111476,4253.66330867
zion,3,2,8,5,236.78397223,19148.83508514,33.82628138,2735.54784001,33.82628138,2735.54784001,33.82628138,2735.54784001,33.82628138,2735.54784001,33.82628138,2735.54784001,33.82628138,2735.54784001,33.82628138,2735.54784001
zion,3,2,8,6,149.39178493,13131.09572348,21.72156530,1909.26129774,21.21363323,1864.61557276,21.05428200,1850.60907081,21.12399816,1856.73691541,21.09411981,1854.11069630,21.27338995,1869.86801100,21.91079489,1925.89401882
zion,3,2,8,7,101.88200485,9681.42222040,15.16131551,1440.71661197,14.71558175,1398.36039070,14.28895086,1357.81943606,14.23164223,1352.37363618,14.25711274,1354.79399169,14.35262711,1363.87032481,14.87477238,1413.48761258
zion,3,2,8,8,56.40866907,5765.64192585,8.35180085,853.65412645,8.33189191,851.61919408,8.04653041,822.45183021,7.84744100,802.10250657,7.80762312,798.03264185,7.88062257,805.49406051,8.14275696,832.28733663
zion,3,2,8,9,37.47034166,4100.25183832,5.48524181,600.23132531,5.51022204,602.96482660,5.46442496,597.95340757,5.29997179,579.95785740,5.16882559,565.60697561,5.18131570,566.97372626,5.36034067,586.56381885
zion,3,2,8,10,26.93024785,3141.53001546,3.90630314,455.68717513,3.91905957,457.17526823,3.91339005,456.51389352,3.89212933,454.03373836,3.77590405,440.47555680,3.71212189,433.03509132,3.81133859,444.60914874
zion,3,2,8,11,20.90706707,2590.04848482,3.00016427,371.67197523,3.01688992,373.74401411,3.00957245,372.83749710,3.01270851,373.22600439,2.99389215,370.89496064,2.92698953,362.60680510,2.94685124,365.06735128
zion,3,2,8,12,16.08664789,2109.07862474,2.29809253,301.29694316,2.29809253,301.29694316,2.29809253,301.29694316,2.29809253,301.29694316,2.29809253,301.29694316,2.29809253,301.29694316,2.29809253,301.29694316
zion,3,2,8,13,12.08795419,1671.99854120,1.74780830,241.75579070,1.71978622,237.87979406,1.71099498,236.66379511,1.71484115,237.19579465,1.71319279,236.96779485,1.72308294,238.33579366,1.75824789,243.19978945
zion,3,2,8,14,10.56843253,1537.88284919,1.55355962,226.06878365,1.52139482,221.38827053,1.49060852,216.90835083,1.48647304,216.30657057,1.48831103,216.57402846,1.49520349,217.57699556,1.53288225,223.05988236
zion,3,2,8,15,64.02772589,9777.72380924,9.38272989,1432.84397791,9.36672296,1430.39954690,9.13729027,1395.36270240,8.97722095,1370.91839228,8.94520709,1366.02953026,9.00389917,1374.99244397,9.21465711,1407.17745229
zion,3,2,9,0,5896.74385411,87333.30488220,894.53608516,13248.46297990,890.99803868,13196.06299448,840.28603912,12444.99653682,804.90557432,11920.99668264,797.82948136,11816.19671180,810.80231845,12008.32999167,857.38659711,12698.26313301
zion,3,2,9,1,2017.62402411,104741.13311963,299.89230015,15568.34125517,302.09334456,15682.60431026,298.05809648,15473.12204260,283.56788748,14720.89026330,272.01240436,14121.00922411,273.11292656,14178.14075165,288.88707813,14997.02597975
zion,3,2,9,2,1066.77442610,68637.69095184,156.10466147,10043.98235250,156.90474230,10095.46062196,156.54915082,10072.58139108,155.21568276,9986.78427532,147.92605733,9517.76004246,143.92565314,9260.36869515,150.14850411,9660.75523540
zion,3,2,9,3,540.76511317,38766.59341135,77.78698174,5576.42536513,78.45253880,5624.13809553,78.16135758,5603.26377598,78.28614953,5612.20991293,77.53739784,5558.53309123,74.87516959,5367.68216965,75.66551860,5424.34103699
zion,3,2,9,4,288.65772381,22743.27104698,41.23681725,3249.03868620,41.23681725,3249.03868620,41.23681725,3249.03868620,41.23681725,3249.03868620,41.23681725,3249.03868620,41.23681725,3249.03868620,41.23681725,3249.03868620
zion,3,2,9,5,165.85205899,14278.00321147,24.11488912,2076.02164471,23.55099212,2027.47643431,23.37408326,2012.24656438,23.45148089,2018.90963248,23.41831048,2016.05403187,23.61733295,2033.18763554,24.32496839,2094.10711525
zion,3,2,9,6,104.44464119,9771.66724968,15.54266782,1454.14620009,15.08572252,1411.39515683,14.64836060,1370.47630114,14.58961049,1364.97973843,14.61572165,1367.42265519,14.71363850,1376.58359303,15.24891727,1426.66338657
zion,3,2,9,7,71.14381667,7195.37934555,10.53346938,1065.33935833,10.50835980,1062.79981278,10.14845580,1026.39965990,9.89735998,1001.00420439,9.84714082,995.92511329,9.93920929,1005.23678031,10.26981877,1038.67413006
zion,3,2,9,8,39.36058992,4281.68454596,5.76195316,626.79105843,5.78819356,629.64551487,5.74008617,624.41234474,5.56733691,605.62050656,5.42957484,590.63461028,5.44269504,592.06183850,5.63075119,612.51877627
zion,3,2,9,9,26.13445710,3043.48160431,3.79087160,441.46499572,3.80325108,442.90664484,3.79774909,442.26591190,3.77711663,439.86316337,3.66432582,426.72813810,3.60242842,419.51989252,3.69871326,430.73271897
zion,3,2,9,10,18.77747102,2331.09111518,2.69456722,334.51159092,2.70958920,336.37646390,2.70301708,335.56058197,2.70583370,335.91024565,2.68893398,333.81226355,2.62884607,326.35277163,2.64668467,328.56730829
zion,3,2,9,11,14.57453538,1921.41134909,2.08207646,274.48733264,2.08207646,274.48733264,2.08207646,274.48733264,2.08207646,274.48733264,2.08207646,274.48733264,2.08207646,274.48733264,2.08207646,274.48733264
zion,3,2,9,12,11.21228350,1564.31271437,1.62119428,226.18539900,1.59520216,222.55903768,1.58704778,221.42135570,1.59061532,221.91909157,1.58908637,221.70577620,1.59826006,222.98566843,1.63087761,227.53639635
zion,3,2,9,13,8.42414867,1239.95038178,1.23834988,182.27271000,1.21271117,178.49894789,1.18817126,174.88691844,1.18487485,174.40172046,1.18633992,174.61736401,1.19183393,175.42602732,1.22186785,179.84672008
zion,3,2,9,14,7.36443755,1140.35859630,1.07919698,167.11005335,1.07735587,166.82496369,1.05096663,162.73867862,1.03255554,159.88778206,1.02887332,159.31760275,1.03562406,160.36293149,1.05986533,164.11661196
zion,3,2,9,15,44.60155990,7247.71415081,6.48506665,1053.81761091,6.50647539,1057.29651361,6.46722602,1050.91852532,6.32628510,1028.01574918,6.21388917,1009.75150998,6.22459354,1011.49096133,6.37802290,1036.42309738
zion,3,2,10,0,4752.62564828,75557.01736458,706.41299886,11230.52038411,711.59768142,11312.94622179,702.09243006,11161.83218604,667.95993653,10619.19542131,640.74035309,10186.45977348,643.33269437,10227.67269232,680.48958605,10818.39119570
zion,3,2,10,1,1544.51945602,84862.96073162,226.01468587,12418.28022109,227.17307549,12481.92744318,226.65823566,12453.63978892,224.72758629,12347.56108544,214.17336975,11767.66417306,208.38142165,11449.42806261,217.39111870,11944.46201220
zion,3,2,10,2,799.01490438,54354.30850731,114.93522097,7818.65823103,115.91862393,7885.55584156,115.48838513,7856.28813695,115.67277319,7868.83143893,114.56644486,7793.57162708,110.63283302,7525.98118494,111.80062403,7605.42209745
zion,3,2,10,3,400.57843855,30347.03284636,57.22549061,4335.29036019,57.22549061,4335.29036019,57.22549061,4335.29036019,57.22549061,4335.29036019,57.22549061,4335.29036019,57.22549061,4335.29036019,57.22549061,4335.29036019
zion,3,2,10,4,212.64145152,17700.52357691,30.91806672,2573.65610052,30.19508579,2513.47432100,29.96826825,2494.59376272,30.06750092,2502.85400697,30.02497263,2499.31390229,30.28014237,2520.55453036,31.18741256,2596.07676348
zion,3,2,10,5,121.81182301,11077.44284634,18.12712151,1648.46192672,17.59419479,1599.99811536,17.08410780,1553.61132447,17.01558865,1547.38026301,17.04604160,1550.14962366,17.16024018,1560.53472610,17.78452576,1617.30661942
zion,3,2,10,6,76.57662425,7567.29720160,11.33784445,1120.40507636,11.31081740,1117.73426569,10.92342979,1079.45264607,10.65315936,1052.74453937,10.59910528,1047.40291803,10.69820443,1057.19589049,11.05406050,1092.36156432
zion,3,2,10,7,52.10276196,5565.58555840,7.62726562,814.73990564,7.66200079,818.45029610,7.59831964,811.64791359,7.36964640,787.22117638,7.18728673,767.74162645,7.20465431,769.59682168,7.45358974,796.18795333
zion,3,2,10,8,28.80595372,3309.39746060,4.17837920,480.03678869,4.19202413,481.60439795,4.18595971,480.90768272,4.16321817,478.29500064,4.03889775,464.01233856,3.97067312,456.17429230,4.07680032,468.36680871
zion,3,2,10,9,19.11862225,2351.32789677,2.74352242,337.41556921,2.75881732,339.29663162,2.75212580,338.47366682,2.75499360,338.82636602,2.73778684,336.71017081,2.67660724,329.18592118,2.69476993,331.41968279
zion,3,2,10,10,13.73281436,1800.40509996,1.96183060,257.20072581,1.96183060,257.20072581,1.96183060,257.20072581,1.96183060,257.20072581,1.96183060,257.20072581,1.96183060,257.20072581,1.96183060,257.20072581
zion,3,2,10,11,10.65683485,1483.65775621,1.54088145,214.52342520,1.51617697,211.08403674,1.50842654,210.00501291,1.51181735,210.47708584,1.51036415,210.27476887,1.51908338,211.48867068,1.55008508,215.80476600
zion,3,2,10,12,8.19708179,1207.70687134,1.20497105,177.53291387,1.18002341,173.85728418,1.15614495,170.33918148,1.15293740,169.86660052,1.15436298,170.07663650,1.15970890,170.86427144,1.18893328,175.17000907
zion,3,2,10,13,6.15799779,957.16037260,0.90240328,140.26387966,0.90086378,140.02458957,0.87879762,136.59476481,0.86340263,134.20186382,0.86032363,133.72328363,0.86596846,134.60068066,0.88623854,137.75133363
zion,3,2,10,14,5.38284354,880.18821358,0.78266543,127.97936302,0.78524920,128.40185335,0.78051229,127.62728774,0.76350251,124.84589306,0.74993774,122.62781882,0.75122963,122.83906398,0.76974661,125.86691136
zion,3,2,10,15,32.59005593,5592.31054334,4.70800962,807.87378540,4.71929080,809.80958520,4.71427694,808.94922973,4.69547499,805.72289673,4.59269096,788.08560961,4.53628510,778.40661058,4.62402756,793.46283129
zion,3,2,11,0,3847.55740593,65163.95866448,563.02591403,9535.65951547,565.91158216,9584.53248565,564.62906299,9562.81116557,559.81961612,9481.35621527,533.52797321,9036.06915361,519.09963259,8791.70430270,541.54371800,9171.82740412
zion,3,2,11,1,1186.33531343,68552.74324678,170.64977217,9861.04846084,172.10987717,9945.42106799,171.47108123,9908.50805236,171.74485092,9924.32791620,170.10223279,9829.40873315,164.26181278,9491.91830455,165.99568747,9592.11077554
zion,3,2,11,2,600.86100271,42947.69590643,85.83728518,6135.38506378,85.83728518,6135.38506378,85.83728518,6135.38506378,85.83728518,6135.38506378,85.83728518,6135.38506378,85.83728518,6135.38506378,85.83728518,6135.38506378
zion,3,2,11,3,298.07701880,23716.87885910,43.34039807,3448.43414918,42.32693622,3367.79676192,42.00898740,3342.49875808,42.14809001,3353.56663476,42.08847460,3348.82325904,42.44616702,3377.28351336,43.71796229,3478.47552875
zion,3,2,11,4,157.40187933,13757.83483748,23.42336664,2047.33775099,22.73473344,1987.14722492,22.07561308,1929.53629283,21.98707453,1921.79751091,22.02642500,1925.23696954,22.17398926,1938.13493941,22.98067387,2008.64384138
zion,3,2,11,5,89.91534997,8584.77432791,13.31276040,1271.05153665,13.28102558,1268.02161642,12.82615971,1224.59275978,12.50881142,1194.29355748,12.44534177,1188.23371702,12.56170280,1199.34342453,12.97954471,1239.23737423
zion,3,2,11,6,56.43258719,5854.41357201,8.26110394,857.02111866,8.29872566,860.92406113,8.22975250,853.76866659,7.98207614,828.07429529,7.78456208,807.58384729,7.80337294,809.53531853,8.07299531,837.50640628
zion,3,2,11,7,38.35654015,4301.04201118,5.56371683,623.87743378,5.58188572,625.91476938,5.57381066,625.00928689,5.54352918,621.61372756,5.37799044,603.05133657,5.28714600,592.86465859,5.42845957,608.71060212
zion,3,2,11,8,21.19228580,2555.70890189,3.04109316,366.74424484,3.05804699,368.78881206,3.05062969,367.89431390,3.05380853,368.27767025,3.03473547,365.97753213,2.96692015,357.79926326,2.98705283,360.22718683
zion,3,2,11,9,14.06002985,1815.08774918,2.00857567,259.29824711,2.00857567,259.29824711,2.00857567,259.29824711,2.00857567,259.29824711,2.00857567,259.29824711,2.00857567,259.29824711,2.00857567,259.29824711
zion,3,2,11,10,10.09663089,1389.41728471,1.45988105,200.89710966,1.43647522,197.67618775,1.42913222,196.66570245,1.43234478,197.10778977,1.43096797,196.91832377,1.43922885,198.05511974,1.46860087,202.09706096
zion,3,2,11,11,7.83361268,1144.73712235,1.15154109,168.27636057,1.12769966,164.79237795,1.10488000,161.45770887,1.10181468,161.00976825,1.10317704,161.20885297,1.10828592,161.95542067,1.13621446,166.03665746
zion,3,2,11,12,6.02461524,931.67352050,0.88285718,136.52899379,0.88135103,136.29607540,0.85976282,132.95757854,0.84470128,130.62839468,0.84168897,130.16255791,0.84721154,131.01659199,0.86704256,134.08335074
zion,3,2,11,13,4.52544500,738.30139420,0.65799969,107.34902000,0.66017190,107.70340466,0.65618951,107.05369945,0.64188910,104.72066711,0.63048498,102.86014764,0.63157109,103.03733997,0.64713862,105.57709670
zion,3,2,11,14,3.95544098,678.86236998,0.57140909,98.06950246,0.57277828,98.30449328,0.57216975,98.20005292,0.56988777,97.80840155,0.55741291,95.66737407,0.55056696,94.49241997,0.56121622,96.32012635
zion,3,2,11,15,23.94089722,4311.85063520,3.43152859,618.03192316,3.44571579,620.58709390,3.43950889,619.46920670,3.44216899,619.94830121,3.42620840,617.07373413,3.36945960,606.85305116,3.38630690,609.88731642
zion,3,2,12,0,3303.95037116,59245.92049156,475.26055383,8522.29780172,479.32695429,8595.21585778,477.54790409,8563.31420825,478.31035418,8576.98634377,473.73565366,8494.95353070,457.47005182,8203.28130647,462.29890236,8289.87149804
zion,3,2,12,1,965.55832054,58379.46140465,137.93690146,8339.92296848,137.93690146,8339.92296848,137.93690146,8339.92296848,137.93690146,8339.92296848,137.93690146,8339.92296848,137.93690146,8339.92296848,137.93690146,8339.92296848
zion,3,2,12,2,479.10972098,35801.41358742,69.66255268,5205.52547986,68.03357965,5083.80067496,67.52252929,5045.61250088,67.74611382,5062.31982704,67.65029188,5055.15954440,68.22522354,5098.12124025,70.26942499,5250.87393658
zion,3,2,12,3,235.30532320,19565.55013032,35.01637263,2911.59836369,33.98691186,2825.99908378,33.00157084,2744.06834444,32.86921160,2733.06272274,32.92803793,2737.95411016,33.14863666,2756.29681300,34.35457642,2856.57025518
zion,3,2,12,4,123.64137879,11291.38517833,18.30619636,1671.78913896,18.26255822,1667.80394435,17.63707833,1610.68282160,17.20069701,1570.83087550,17.11342075,1562.86048628,17.27342723,1577.47286652,17.84799597,1629.94459555
zion,3,2,12,5,70.44411841,7026.39093066,10.31223647,1028.58558615,10.35919922,1033.26984688,10.27310085,1024.68203553,9.96392943,993.84398570,9.71737501,969.25161685,9.74085639,971.59374722,10.07742274,1005.16428248
zion,3,2,12,6,44.14437705,4783.98111994,6.40325777,693.92901920,6.42416826,696.19511542,6.41487471,695.18796155,6.38002389,691.41113452,6.18950606,670.76448010,6.08495359,659.43399902,6.24759076,677.05919181
zion,3,2,12,7,29.97501099,3511.01339216,4.30141428,503.83044571,4.32539429,506.63925655,4.31490304,505.41040181,4.31939929,505.93705384,4.29242178,502.77714164,4.19650174,491.54189825,4.22497800,494.87736113
zion,3,2,12,8,16.55134124,2084.92570537,2.36447729,297.84652615,2.36447729,297.84652615,2.36447729,297.84652615,2.36447729,297.84652615,2.36447729,297.84652615,2.36447729,297.84652615,2.36447729,297.84652615
zion,3,2,12,9,10.97707667,1480.16918448,1.58718551,214.01900944,1.56173865,210.58770812,1.55375532,209.51122144,1.55724802,209.98218436,1.55575115,209.78034311,1.56473239,210.99139063,1.59666571,215.29733738
zion,3,2,12,10,7.88082493,1132.74769369,1.15848129,166.51391452,1.13449617,163.06642146,1.11153898,159.76667811,1.10845518,159.32342901,1.10982576,159.52042861,1.11496543,160.25917712,1.14306228,164.29766898
zion,3,2,12,11,6.11335670,933.08746955,0.89586150,136.73619624,0.89433316,136.50292437,0.87242697,133.15936086,0.85714357,130.82664213,0.85408690,130.36009838,0.85969081,131.21542858,0.87981394,134.28684158
zion,3,2,12,12,4.70096897,759.30385070,0.68352087,110.40277710,0.68577734,110.76724294,0.68164048,110.09905557,0.66678542,107.69965546,0.65493898,105.78620981,0.65606721,105.96844273,0.67223855,108.58044791
zion,3,2,12,13,3.53080946,601.63932016,0.51006617,86.91374187,0.51128837,87.12200164,0.51074517,87.02944174,0.50870816,86.68234213,0.49757253,84.78486427,0.49146152,83.74356545,0.50096754,85.36336362
zion,3,2,12,14,3.08582897,553.15218433,0.44230215,79.28514626,0.44413079,79.61294015,0.44333076,79.46953033,0.44367363,79.53099168,0.44161641,79.16222356,0.43430185,77.85104801,0.43647336,78.24030325
zion,3,2,12,15,18.67231653,3512.38563948,2.66747376,501.76937169,2.66747376,501.76937169,2.66747376,501.76937169,2.66747376,501.76937169,2.66747376,501.76937169,2.66747376,501.76937169,2.66747376,501.76937169
zion,3,2,13,0,2933.13923110,55404.14207089,419.01988567,7914.87735393,419.01988567,7914.87735393,419.01988567,7914.87735393,419.01988567,7914.87735393,419.01988567,7914.87735393,419.01988567,7914.87735393,419.01988567,7914.87735393
zion,3,2,13,1,811.68237615,51132.43718026,118.01861623,7434.65628638,115.25889618,7260.80600183,114.39310165,7206.26473609,114.77188676,7230.12653985,114.60955029,7219.90005253,115.58356913,7281.25897649,119.04674723,7499.42403945
zion,3,2,13,2,394.84270749,30717.50341009,58.75752910,4571.14837404,57.03009229,4436.75929962,55.37668849,4308.12975697,55.15458947,4290.85116169,55.25330014,4298.53053737,55.62346517,4327.32819617,57.64703401,4484.75539763
zion,3,2,13,3,192.07829761,16621.95823629,28.43888564,2461.02748324,28.37109330,2455.16090997,27.39940313,2371.07335989,26.72147975,2312.40762728,26.58589508,2300.67448075,26.83446698,2322.18524938,27.72706609,2399.42846399
zion,3,2,13,4,100.45810335,9546.24055479,14.70595049,1397.46358172,14.77292256,1403.82774224,14.65014043,1392.16011462,14.20924096,1350.26272450,13.85763759,1316.85088175,13.89112363,1320.03296201,14.37109013,1365.64277910
zion,3,2,13,5,57.09439342,5925.15310036,8.28169164,859.45901049,8.30873635,862.26566184,8.29671648,861.01826124,8.25164196,856.34050901,8.00523459,830.76879679,7.87001103,816.73554009,8.08035878,838.56505052
zion,3,2,13,6,35.72738518,4028.14752814,5.12688002,578.03919774,5.15546193,581.26171592,5.14295734,579.85186422,5.14831645,580.45608638,5.11616180,576.83075343,5.00183416,563.94068073,5.03577518,567.76742106
zion,3,2,13,7,24.23747990,2953.46161193,3.46249709,421.92308290,3.46249709,421.92308290,3.46249709,421.92308290,3.46249709,421.92308290,3.46249709,421.92308290,3.46249709,421.92308290,3.46249709,421.92308290
zion,3,2,13,8,13.37562940,1752.78651889,1.93399443,253.43699792,1.90298729,249.37372005,1.89325956,248.09896621,1.89751544,248.65667102,1.89569149,248.41765467,1.90663519,249.85175274,1.94554611,254.95076810
zion,3,2,13,9,8.86794677,1243.92987044,1.30358820,182.85769485,1.27659880,179.07182125,1.25076608,175.44819938,1.24729602,174.96144420,1.24883827,175.17777983,1.25462171,175.98903846,1.28623787,180.42391896
zion,3,2,13,10,6.36516712,951.72720913,0.93276222,139.46769481,0.93117093,139.22976301,0.90836241,135.81940709,0.89244950,133.44008901,0.88926691,132.96422539,0.89510165,133.83664202,0.91605366,136.96941083
zion,3,2,13,11,4.93679940,783.83334675,0.71781062,113.96936574,0.72018028,114.34560573,0.71583590,113.65583241,0.70023561,111.17891909,0.68779488,109.20365911,0.68897971,109.39177911,0.70596230,112.08816575
zion,3,2,13,12,3.79574941,637.75942121,0.54833980,92.13170724,0.54965371,92.35247012,0.54906975,92.25435329,0.54687990,91.88641516,0.53490869,89.87502006,0.52833912,88.77120567,0.53855845,90.48825027
zion,3,2,13,13,2.85063991,505.27956105,0.40859172,72.42340361,0.41028099,72.72282853,0.40954193,72.59183013,0.40985867,72.64797230,0.40795824,72.31111926,0.40120117,71.11341956,0.40320718,71.46898666
zion,3,2,13,14,2.49118680,464.51891545,0.35588383,66.35984435,0.35588383,66.35984435,0.35588383,66.35984435,0.35588383,66.35984435,0.35588383,66.35984435,0.35588383,66.35984435,0.35588383,66.35984435
zion,3,2,13,15,15.07028875,2948.79923693,2.17271997,425.13551655,2.14621705,419.94969705,2.13790241,418.32277328,2.14154006,419.03455243,2.13998107,418.72950422,2.14933504,420.55979346,2.18259361,427.06748852
zion,3,2,14,0,2650.51289435,52512.13125197,385.38457071,7635.26380226,376.37282697,7456.72255792,373.54561324,7400.70961851,374.78251925,7425.21527950,374.25241667,7414.71285336,377.43303211,7477.72741019,388.74188701,7701.77916780
zion,3,2,14,1,693.90602799,45384.17527934,103.26188848,6753.73243280,100.22604968,6555.17667039,97.32031825,6365.13044066,96.92999612,6339.60184263,97.10347262,6350.94788620,97.75400951,6393.49554957,101.31027782,6626.08944268
zion,3,2,14,2,331.14384938,26727.99578297,49.02876681,3957.31545337,48.91189251,3947.88204347,47.23669428,3812.66983489,46.06795133,3718.33573588,45.83420274,3699.46891608,46.26274182,3734.05808572,47.80158671,3858.26464941
zion,3,2,14,3,159.63842337,14328.10904742,23.36929199,2097.47601412,23.47571760,2107.02808705,23.28060397,2089.51595334,22.57996865,2026.63147322,22.02123416,1976.48309034,22.07444697,1981.25912681,22.83716390,2049.71564947
zion,3,2,14,4,83.12600905,8191.42574081,12.05764582,1188.18780586,12.09702129,1192.06795472,12.07952108,1190.34344412,12.01389529,1183.87652936,11.65514095,1148.52406198,11.45826357,1129.12331769,11.76451727,1159.30225325
zion,3,2,14,5,47.13459565,5072.00831854,6.76381480,727.83322828,6.80152247,731.89083513,6.78502537,730.11563213,6.79209556,730.87643342,6.74967442,726.31162571,6.59884370,710.08119832,6.64362157,714.89960645
zion,3,2,14,6,29.45538813,3443.31956011,4.20791254,491.90278903,4.20791254,491.90278903,4.20791254,491.90278903,4.20791254,491.90278903,4.20791254,491.90278903,4.20791254,491.90278903,4.20791254,491.90278903
zion,3,2,14,7,19.96546027,2522.40200343,2.88682407,364.71640123,2.84054050,358.86901473,2.82602017,357.03454053,2.83237282,357.83712299,2.82965025,357.49315908,2.84598563,359.55694255,2.90406697,366.89483934
zion,3,2,14,8,11.01223276,1496.13021464,1.61879825,219.93114624,1.58528276,215.37770636,1.55320365,211.01941390,1.54889451,210.43397163,1.55080968,210.69416819,1.55799157,211.66990531,1.59725258,217.00393489
zion,3,2,14,9,7.29876219,1061.43412231,1.06957280,155.54432911,1.06774811,155.27897057,1.04159421,151.47549821,1.02334731,148.82191284,1.01969793,148.29119576,1.02638846,149.26417706,1.05041355,152.75806447
zion,3,2,14,10,5.23774392,811.91725329,0.76156795,118.05276565,0.76408206,118.44248592,0.75947285,117.72799875,0.74292158,115.16234030,0.72972246,113.11630887,0.73097952,113.31116901,0.74899736,116.10416429
zion,3,2,14,11,4.06174253,668.57571696,0.58676557,96.58347674,0.58817156,96.81490680,0.58754668,96.71204899,0.58520337,96.32633223,0.57239325,94.21774728,0.56536332,93.06059700,0.57629878,94.86060855
zion,3,2,14,12,3.12257281,543.91108801,0.44756877,77.96058913,0.44941918,78.28290681,0.44860963,78.14189282,0.44895658,78.20232739,0.44687486,77.83972000,0.43947321,76.55044927,0.44167057,76.93320152
zion,3,2,14,13,2.34486667,430.88390075,0.33498095,61.55484230,0.33498095,61.55484230,0.33498095,61.55484230,0.33498095,61.55484230,0.33498095,61.55484230,0.33498095,61.55484230,0.33498095,61.55484230
zion,3,2,14,14,2.04904127,396.09360388,0.29541523,57.10577267,0.29181175,56.40919425,0.29068124,56.19065984,0.29117584,56.28626864,0.29096387,56.24529344,0.29223569,56.49114465,0.29675771,57.36528228
zion,3,2,14,15,12.39260109,2513.80678643,1.80973283,367.09958045,1.78081676,361.23403134,1.75313995,355.61986291,1.74942217,354.86572088,1.75107452,355.20089512,1.75727082,356.45779850,1.79114393,363.32887031
zion,3,2,15,0,16759.41994077,346993.47121101,2494.01112419,51636.96478041,2420.68866359,50118.86837780,2350.50859416,48665.83324958,2341.08142065,48470.64942638,2345.27127554,48557.39779225,2360.98323138,48882.70416424,2446.87525666,50661.04566444
zion,3,2,15,1,4147.43077465,280785.30638536,614.06369672,41572.74047258,612.59989768,41473.63978016,591.61877812,40053.19652206,576.98078774,39062.18959780,574.05318966,38863.98821295,579.42045280,39227.35741851,598.69380681,40532.18320211
zion,3,2,15,2,1943.00309929,162230.09076861,284.43407170,23748.68330702,285.72940713,23856.83670348,283.35462551,23658.55547663,274.82700059,22946.54561657,268.02648957,22378.74028514,268.67415729,22432.81698337,277.95739454,23207.91632470
zion,3,2,15,3,928.67514905,86197.37013804,134.70676810,12503.15480313,135.14666684,12543.98513449,134.95115629,12525.83832055,134.21799173,12457.78776828,130.21002548,12085.77808256,128.01053181,11881.62642576,131.43196641,12199.19566967
zion,3,2,15,4,481.58048544,49068.63165288,69.10680294,7041.34897663,69.49206735,7080.60388382,69.32351417,7063.42986193,69.39575125,7070.79015702,68.96232879,7026.62838644,67.42127116,6869.60875769,67.87877265,6916.22395998
zion,3,2,15,5,272.47661411,30314.08824764,38.92523017,4330.58398900,38.92523017,4330.58398900,38.92523017,4330.58398900,38.92523017,4330.58398900,38.92523017,4330.58398900,38.92523017,4330.58398900,38.92523017,4330.58398900
zion,3,2,15,6,170.06271915,20552.92369176,24.58952333,2971.76594113,24.19528702,2924.12052680,24.07160505,2909.17294583,24.12571591,2915.71251250,24.10252554,2912.90984107,24.24166777,2929.72586966,24.73639568,2989.51619353
zion,3,2,15,7,115.17985421,15043.46093010,16.93143893,2211.38880384,16.58089154,2165.60435655,16.24536761,2121.78209987,16.20029723,2115.89552807,16.22032851,2118.51178220,16.29544581,2128.32273519,16.70608704,2181.95594487
zion,3,2,15,8,63.49758626,8918.19159256,9.30504235,1306.88669127,9.28916795,1304.65714332,9.06163493,1272.70028934,8.90289096,1250.40480982,8.87114216,1245.94571391,8.92934828,1254.12072307,9.13836118,1283.47643777
zion,3,2,15,9,42.07315285,6325.09607778,6.11743627,919.66894648,6.13763138,922.70499252,6.10060701,917.13890811,5.96765585,897.15160501,5.86163151,881.21236329,5.87172906,882.73038632,6.01646071,904.48871627
zion,3,2,15,10,30.18662568,4837.20852534,4.36080639,698.79058608,4.37125561,700.46500442,4.36661151,699.72081849,4.34919615,696.93012126,4.25399218,681.67430974,4.20174609,673.30221806,4.28301778,686.32547179
zion,3,2,15,11,23.40559557,3982.59637776,3.35480203,570.83881302,3.36867201,573.19887012,3.36260389,572.16634514,3.36520451,572.60885585,3.34960078,569.95379160,3.29412085,560.51356317,3.31059146,563.31613098
zion,3,2,15,12,17.99167102,3239.60236962,2.57023869,462.80033356,2.57023869,462.80033356,2.57023869,462.80033356,2.57023869,462.80033356,2.57023869,462.80033356,2.57023869,462.80033356,2.57023869,462.80033356
zion,3,2,15,13,13.50953736,2566.16502143,1.94770267,369.97021644,1.92394452,365.45730541,1.91649098,364.04149018,1.91975190,364.66090934,1.91835436,364.39544399,1.92673959,365.98823612,1.95655375,371.65149703
zion,3,2,15,14,11.80439573,2358.79641031,1.72383524,344.46289876,1.69629165,338.95904053,1.66992850,333.69106194,1.66638718,332.98342302,1.66796110,333.29792921,1.67386330,334.47732740,1.70612864,340.92470419
zion,3,2,15,15,71.37712763,14966.63743751,10.40033865,2180.78399761,10.38652372,2177.88722896,10.18850974,2136.36687833,10.05036046,2107.39919185,10.02273060,2101.60565455,10.07338534,2112.22713960,10.25528190,2150.36792680
